Fighters,Carriers,Cruisers,Destroyers,Dreadnaught,Flagship,Warsun,Faction,Score,FleetSize,WinRate,Cost
4,1,1,0,0,0,0,Arborec,2311.0,2.0,0.8253571428571429,7.0
4,1,0,2,0,0,0,Arborec,2210.0,3.0,0.7892857142857143,7.0
2,1,1,1,0,0,0,Arborec,1975.0,3.0,0.7053571428571429,7.0
0,0,1,1,1,0,0,Arborec,1692.0,3.0,0.6042857142857143,7.0
0,1,2,0,0,0,0,Arborec,1246.0,3.0,0.445,7.0
2,2,0,0,0,0,0,Arborec,718.0,2.0,0.25642857142857145,7.0
0,1,0,0,1,0,0,Arborec,714.0,2.0,0.255,7.0
0,2,0,1,0,0,0,Arborec,334.0,3.0,0.11928571428571429,7.0
