Fighters,Carriers,Cruisers,Destroyers,Dreadnaught,Flagship,Warsun,Faction,Score,FleetSize,WinRate,Cost
4,1,0,1,0,0,0,Arborec,2015.0,2.0,0.7196428571428571,6.0
0,0,3,0,0,0,0,Arborec,1742.0,3.0,0.6221428571428571,6.0
0,0,0,2,1,0,0,Arborec,1733.0,3.0,0.6189285714285714,6.0
2,1,1,0,0,0,0,Arborec,1725.0,2.0,0.6160714285714286,6.0
2,1,0,2,0,0,0,Arborec,1570.0,3.0,0.5607142857142857,6.0
0,1,1,1,0,0,0,Arborec,1218.0,3.0,0.435,6.0
0,0,1,0,1,0,0,Arborec,1110.0,2.0,0.3964285714285714,6.0
0,2,0,0,0,0,0,Arborec,87.0,2.0,0.031071428571428573,6.0
