Fighters,Carriers,Cruisers,Destroyers,Dreadnaught,Warsun,Score,FleetSize,WinRate,Cost
0.0,0.0,0.0,3.0,2.0,0.0,13547.5,5.0,0.9343103448275862,11.0
0.0,0.0,1.0,1.0,2.0,0.0,8565.0,4.0,0.5906896551724138,11.0
0.0,0.0,3.0,1.0,1.0,0.0,12991.0,5.0,0.8959310344827586,11.0
0.0,1.0,0.0,0.0,2.0,0.0,218.0,3.0,0.015034482758620689,11.0
0.0,1.0,1.0,2.0,1.0,0.0,12142.0,5.0,0.8373793103448276,11.0
0.0,1.0,2.0,0.0,1.0,0.0,3016.5,4.0,0.2080344827586207,11.0
0.0,1.0,4.0,0.0,0.0,0.0,6431.5,5.0,0.44355172413793104,11.0
0.0,2.0,0.0,1.0,1.0,0.0,6589.0,4.0,0.45441379310344826,11.0
0.0,2.0,2.0,1.0,0.0,0.0,10757.5,5.0,0.7418965517241379,11.0
0.0,3.0,0.0,2.0,0.0,0.0,5929.5,5.0,0.40893103448275864,11.0
0.0,3.0,1.0,0.0,0.0,0.0,1390.5,4.0,0.09589655172413793,11.0
2.0,0.0,0.0,2.0,2.0,0.0,10051.0,4.0,0.6931724137931035,11.0
2.0,0.0,1.0,0.0,2.0,0.0,3438.0,3.0,0.23710344827586208,11.0
2.0,1.0,0.0,3.0,1.0,0.0,12049.0,5.0,0.8309655172413793,11.0
2.0,1.0,1.0,1.0,1.0,0.0,8633.0,4.0,0.5953793103448276,11.0
2.0,1.0,3.0,1.0,0.0,0.0,12355.5,5.0,0.852103448275862,11.0
2.0,2.0,0.0,0.0,1.0,0.0,2360.0,3.0,0.16275862068965516,11.0
2.0,2.0,1.0,2.0,0.0,0.0,9532.5,5.0,0.6574137931034483,11.0
2.0,2.0,2.0,0.0,0.0,0.0,4205.5,4.0,0.2900344827586207,11.0
2.0,3.0,0.0,1.0,0.0,0.0,4542.0,4.0,0.31324137931034485,11.0
4.0,1.0,0.0,2.0,1.0,0.0,10081.5,4.0,0.6952758620689655,11.0
4.0,1.0,1.0,0.0,1.0,0.0,4342.0,3.0,0.29944827586206896,11.0
4.0,1.0,2.0,2.0,0.0,0.0,11777.5,5.0,0.8122413793103448,11.0
4.0,1.0,3.0,0.0,0.0,0.0,6693.0,4.0,0.4615862068965517,11.0
4.0,2.0,0.0,3.0,0.0,0.0,8024.5,5.0,0.5534137931034483,11.0
4.0,2.0,1.0,1.0,0.0,0.0,8365.0,4.0,0.5768965517241379,11.0
4.0,3.0,0.0,0.0,0.0,0.0,1766.0,3.0,0.12179310344827586,11.0
6.0,2.0,0.0,2.0,0.0,0.0,6761.5,4.0,0.4663103448275862,11.0
6.0,2.0,1.0,0.0,0.0,0.0,4748.5,3.0,0.32748275862068965,11.0
8.0,2.0,0.0,1.0,0.0,0.0,6196.0,3.0,0.42731034482758623,11.0
